player,club,week,opponent,points,minutes,goal,assist,cleanSheet,goalsConceded,influence,creativity,threat,iCTIndex
Aguero,MCI,1,ARS (A) 0-2,2,78,0,0,1,0,8.2,29.6,39,7.7
Aguero,MCI,2,HUD (H) 6-1,20,75,3,1,0,1,100.8,14.1,119,23.4
Aguero,MCI,3,WOL (A) 1-1,2,90,0,0,0,1,6.6,38.4,37,8.2
Aguero,MCI,4,NEW (H) 2-1,6,90,0,1,0,1,24.4,49.1,39,11.3
Aguero,MCI,5,FUL (H) 3-0,7,53,0,2,0,0,20.6,21.8,59,10.1
Aguero,MCI,6,CAR (A) 0-5,6,60,1,0,1,0,42,14.8,115,17.2
Aguero,MCI,7,BHA (H) 2-0,8,65,1,0,1,0,29.6,4.4,91,12.5
Aguero,MCI,8,LIV (A) 0-0,1,65,0,0,1,0,0,0.6,2,0.1
Aguero,MCI,9,BUR (H) 5-0,6,65,1,0,1,0,38.8,18,86,14.3
Aguero,MCI,10,TOT (A) 0-1,2,70,0,0,1,0,1.6,4.3,32,3.8
Aguero,MCI,11,SOU (H) 6-1,13,90,1,2,0,1,78.2,49.8,77,20.5
Aguero,MCI,12,MUN (H) 3-1,7,74,1,0,0,1,38,15.4,45,9.8
Aguero,MCI,13,WHU (A) 0-4,2,80,0,0,1,0,1.6,19.6,8,2.9
Aguero,MCI,14,BOU (H) 3-1,0,0,0,0,0,0,0,0,0,0
Aguero,MCI,15,WAT (A) 1-2,0,0,0,0,0,0,0,0,0,0
Aguero,MCI,16,CHE (A) 2-0,0,0,0,0,0,0,0,0,0,0
Aguero,MCI,17,EVE (H) 3-1,0,0,0,0,0,0,0,0,0,0
Aguero,MCI,18,CRY (H) 2-3,1,40,0,0,0,1,0.2,1.8,6,0.8
Aguero,MCI,19,LEI (A) 2-1,4,90,0,1,0,2,19,16.2,26,6.1
Aguero,MCI,20,SOU (A) 1-3,5,72,1,0,0,1,36.8,3.3,82,12.2
Aguero,MCI,21,LIV (H) 2-1,6,90,1,0,0,1,37.6,3.7,40,8.1
Aguero,MCI,22,WOL (H) 3-0,1,14,0,0,0,0,2,2.5,24,2.9
Aguero,MCI,23,HUD (A) 0-3,5,90,0,1,1,0,15,16.2,13,4.4
Aguero,MCI,24,NEW (A) 2-1,9,90,1,0,0,2,43.6,7.7,62,11.3
Aguero,MCI,25,ARS (H) 3-1,17,80,3,0,0,1,105.8,6.2,108,22
Aguero,MCI,25,EVE (A) 0-2,2,79,0,0,1,0,4.4,0.5,20,2.5
Aguero,MCI,26,CHE (H) 6-0,17,64,3,0,1,0,94,6.6,62,16.3
Aguero,MCI,28,WHU (H) 1-0,9,84,1,0,1,0,36.4,28.4,47,11.2
Aguero,MCI,29,BOU (A) 0-1,2,89,0,0,1,0,5,13.5,45,6.4
Aguero,MCI,30,WAT (H) 3-1,5,79,0,1,0,1,4.6,6.8,50,6.1
Aguero,MCI,32,FUL (A) 0-2,10,56,1,1,0,0,55.4,34.3,45,13.5
Aguero,MCI,32,CAR (H) 2-0,0,0,0,0,0,0,0,0,0,0
Aguero,MCI,34,CRY (A) 1-3,2,74,0,0,1,0,2.2,14.9,22,3.9
Aguero,MCI,35,TOT (H) 1-0,5,65,0,1,1,0,18.4,24.8,32,7.5
Aguero,MCI,35,MUN (A) 0-2,2,88,0,0,1,0,1.4,14.7,11,2.7
Aguero,MCI,36,BUR (A),0,0,0,0,0,0,0,0,0,0
Aubameyang,ARS,1,MCI (H) 0-2,2,90,0,0,0,2,1,12.2,1,1.4
Aubameyang,ARS,2,CHE (A) 3-2,2,90,0,0,0,3,4.2,11.1,32,4.7
Aubameyang,ARS,3,WHU (H) 3-1,2,74,0,0,0,1,13.4,52.3,28,9.4
Aubameyang,ARS,4,CAR (A) 2-3,8,88,1,0,0,2,39.6,6.2,29,7.5
Aubameyang,ARS,5,NEW (A) 1-2,5,68,0,1,1,0,0,4,12,1.6
Aubameyang,ARS,6,EVE (H) 2-0,7,68,1,0,1,0,41.4,12.5,31,8.5
Aubameyang,ARS,7,WAT (H) 2-0,2,76,0,0,1,0,4.8,13,2,2
Aubameyang,ARS,8,FUL (A) 1-5,15,28,2,1,0,0,83.2,11.6,40,13.5
Aubameyang,ARS,9,LEI (H) 3-1,12,29,2,0,0,0,70.8,2.5,70,14.3
Aubameyang,ARS,10,CRY (A) 2-2,8,77,1,0,0,1,40.2,4.1,64,10.8
Aubameyang,ARS,11,LIV (H) 1-1,2,72,0,0,0,1,1.4,14.9,30,4.6
Aubameyang,ARS,12,WOL (H) 1-1,2,90,0,0,0,1,0,4.9,6,1
Aubameyang,ARS,13,BOU (A) 1-2,8,90,1,0,0,1,36.4,27,48,11.1
Aubameyang,ARS,14,TOT (H) 4-2,16,90,2,1,0,2,91.2,23,36,15
Aubameyang,ARS,15,MUN (A) 2-2,2,90,0,0,0,2,10.2,5,24,3.9
Aubameyang,ARS,16,HUD (H) 1-0,5,90,0,1,1,0,13.4,13.3,69,9.6
Aubameyang,ARS,17,SOU (A) 3-2,2,90,0,0,0,3,10,24.5,47,8.2
Aubameyang,ARS,18,BUR (H) 3-1,13,90,2,0,0,1,68.4,13,72,15.3
Aubameyang,ARS,19,BHA (A) 1-1,8,90,1,0,0,1,43.8,4.7,65,11.4
Aubameyang,ARS,20,LIV (A) 5-1,2,70,0,0,0,5,2.2,10.8,4,1.7
Aubameyang,ARS,21,FUL (H) 4-1,9,90,1,1,0,1,40.4,27,82,14.9
Aubameyang,ARS,22,WHU (A) 1-0,2,90,0,0,0,1,1.4,16.4,18,3.6
Aubameyang,ARS,23,CHE (H) 2-0,2,90,0,0,1,0,7.4,5.4,44,5.7
Aubameyang,ARS,24,CAR (H) 2-1,12,90,1,1,0,1,60.8,34.5,42,13.7
Aubameyang,ARS,25,MCI (A) 3-1,2,90,0,0,0,3,6.4,2.9,8,1.7
Aubameyang,ARS,26,HUD (A) 1-2,0,0,0,0,0,0,0,0,0,0
Aubameyang,ARS,27,SOU (H) 2-0,1,15,0,0,0,0,1.4,1.3,28,3.1
Aubameyang,ARS,28,BOU (H) 5-1,7,70,1,0,0,1,36.2,11.8,79,12.7
Aubameyang,ARS,29,TOT (A) 1-1,-1,34,0,0,0,1,3.2,0.3,80,8.4
Aubameyang,ARS,30,MUN (H) 2-0,7,79,1,0,1,0,33.6,10.7,44,8.8
Aubameyang,ARS,32,NEW (H) 2-0,4,29,0,1,0,0,20.4,13.4,17,5.1
Aubameyang,ARS,33,EVE (A) 1-0,1,45,0,0,0,0,5.4,15,0,2
Aubameyang,ARS,34,WAT (A) 0-1,6,90,1,0,1,0,30.8,4.3,92,12.7
Aubameyang,ARS,35,CRY (H) 2-3,7,90,1,0,0,3,38.8,16.2,19,7.4
Aubameyang,ARS,35,WOL (A) 3-1,0,0,0,0,0,0,0,0,0,0
Aubameyang,ARS,36,LEI (A),0,0,0,0,0,0,0,0,0,0
Jimenez,WOL,1,EVE (H) 2-2,6,90,1,0,0,2,44.8,15.5,60,12
Jimenez,WOL,2,LEI (A) 2-0,2,90,0,0,0,2,7.8,20.6,63,9.1
Jimenez,WOL,3,MCI (H) 1-1,2,90,0,0,0,1,1.6,2.4,4,0.8
Jimenez,WOL,4,WHU (A) 0-1,2,86,0,0,1,0,3.2,9,28,4
Jimenez,WOL,5,BUR (H) 1-0,8,75,1,0,1,0,44,30.3,69,14.3
Jimenez,WOL,6,MUN (A) 1-1,5,90,0,1,0,1,29.8,34.5,25,8.9
Jimenez,WOL,7,SOU (H) 2-0,5,90,0,1,1,0,27.2,39.3,51,11.8
Jimenez,WOL,8,CRY (A) 0-1,5,75,0,1,1,0,20.6,24.3,20,6.5
Jimenez,WOL,9,WAT (H) 0-2,1,59,0,0,0,2,0,1.3,3,0.2
Jimenez,WOL,10,BHA (A) 1-0,2,60,0,0,0,1,0,23.9,41,6.4
Jimenez,WOL,11,TOT (H) 2-3,12,90,1,1,0,3,50.8,23.6,82,15.6
Jimenez,WOL,12,ARS (A) 1-1,6,84,0,1,1,0,18.2,21.2,7,4.6
Jimenez,WOL,13,HUD (H) 0-2,2,90,0,0,0,2,5.2,19.3,80,10.5
Jimenez,WOL,14,CAR (A) 2-1,5,90,0,1,0,2,14.2,22.8,33,7
Jimenez,WOL,15,CHE (H) 2-1,8,81,1,0,0,1,33.2,1.5,30,6.5
Jimenez,WOL,16,NEW (A) 1-2,1,30,0,0,0,0,2.4,7.7,24,3.4
Jimenez,WOL,17,BOU (H) 2-0,9,88,1,0,1,0,36.6,2.7,56,9.5
Jimenez,WOL,18,LIV (H) 0-2,2,90,0,0,0,2,7.2,13.5,22,4.3
Jimenez,WOL,19,FUL (A) 1-1,2,90,0,0,0,1,0.6,5.4,54,6
Jimenez,WOL,20,TOT (A) 1-3,8,90,1,0,0,1,48.2,3.9,39,9.1
Jimenez,WOL,21,CRY (H) 0-2,2,90,0,0,0,2,4.4,30.7,17,5.2
Jimenez,WOL,22,MCI (A) 3-0,1,45,0,0,0,2,2.4,1.8,0,0.4
Jimenez,WOL,23,LEI (H) 4-3,5,90,0,1,0,3,36.6,38.4,43,11.8
Jimenez,WOL,24,WHU (H) 3-0,12,90,2,0,1,0,73.8,26.8,77,17.8
Jimenez,WOL,25,EVE (A) 1-3,9,88,1,0,0,1,44.4,24.2,29,9.8
Jimenez,WOL,26,NEW (H) 1-1,2,90,0,0,0,1,13.6,39,75,12.8
Jimenez,WOL,27,BOU (A) 1-1,7,87,1,0,0,1,32.6,5,31,6.9
Jimenez,WOL,28,HUD (A) 1-0,2,78,0,0,1,0,0.2,9.3,4,1.4
Jimenez,WOL,29,CAR (H) 2-0,12,90,1,1,1,0,62.6,45.3,46,15.4
Jimenez,WOL,30,CHE (A) 1-1,8,88,1,0,1,0,50,2.2,17,6.9
Jimenez,WOL,32,BUR (A) 2-0,1,31,0,0,0,1,0,0.3,26,2.5
Jimenez,WOL,32,MUN (H) 2-1,11,90,0,2,0,1,25.6,40.3,62,12.8
Jimenez,WOL,34,SOU (A) 3-1,1,90,0,0,0,3,0,4.3,17,2.1
Jimenez,WOL,35,BHA (H) 0-0,2,90,0,0,1,0,0,18.3,24,4.2
Jimenez,WOL,35,ARS (H) 3-1,2,81,0,0,0,1,0,3.7,33,2.9
Jimenez,WOL,36,WAT (A),0,0,0,0,0,0,0,0,0,0
Lacazette,ARS,1,MCI (H) 0-2,1,36,0,0,0,1,0,0.5,5,0.2
Lacazette,ARS,2,CHE (A) 3-2,1,15,0,0,0,1,4.2,10.6,0,1.5
Lacazette,ARS,3,WHU (H) 3-1,4,45,0,1,0,0,15.8,22.9,28,6.7
Lacazette,ARS,4,CAR (A) 2-3,12,90,1,1,0,2,60.6,33.8,91,18.5
Lacazette,ARS,5,NEW (A) 1-2,5,90,0,1,0,1,10,30.2,48,8.8
Lacazette,ARS,6,EVE (H) 2-0,8,90,1,0,1,0,41.6,3.9,25,7.1
Lacazette,ARS,7,WAT (H) 2-0,5,90,0,1,1,0,20,13.3,18,5.1
Lacazette,ARS,8,FUL (A) 1-5,12,79,2,0,0,1,71.4,4.5,28,10.4
Lacazette,ARS,9,LEI (H) 3-1,2,90,0,0,0,1,4.4,8.7,72,8.5
Lacazette,ARS,10,CRY (A) 2-2,2,90,0,0,0,2,10.2,15.7,10,3.6
Lacazette,ARS,11,LIV (H) 1-1,6,90,1,0,0,1,38.8,25.2,109,17.3
Lacazette,ARS,12,WOL (H) 1-1,2,90,0,0,0,1,7.6,14.8,24,4.6
Lacazette,ARS,13,BOU (A) 1-2,0,0,0,0,0,0,0,0,0,0
Lacazette,ARS,14,TOT (H) 4-2,7,45,1,0,0,0,36.6,4.6,11,5.2
Lacazette,ARS,15,MUN (A) 2-2,4,25,0,1,0,1,37.2,0.7,27,6.5
Lacazette,ARS,16,HUD (H) 1-0,1,45,0,0,0,0,0,1.2,4,0.4
Lacazette,ARS,17,SOU (A) 3-2,4,45,0,1,0,1,21.2,26.8,4,5.2
Lacazette,ARS,18,BUR (H) 3-1,5,77,0,1,0,1,25.2,26.9,14,6.6
Lacazette,ARS,19,BHA (A) 1-1,6,61,0,1,0,1,24.4,12.3,23,6
Lacazette,ARS,20,LIV (A) 5-1,1,19,0,0,0,0,1.4,0.9,10,1.2
Lacazette,ARS,21,FUL (H) 4-1,6,74,1,0,0,1,44.6,11.3,61,11.7
Lacazette,ARS,22,WHU (A) 1-0,2,90,0,0,0,1,1.4,4.1,38,4.4
Lacazette,ARS,23,CHE (H) 2-0,8,67,1,0,1,0,39.4,15.9,30,8.5
Lacazette,ARS,24,CAR (H) 2-1,7,90,1,0,0,1,42.2,29.3,66,13.8
Lacazette,ARS,25,MCI (A) 3-1,2,90,0,0,0,3,8,14.6,2,2.5
Lacazette,ARS,26,HUD (A) 1-2,9,90,1,0,0,1,31.6,4.8,51,8.7
Lacazette,ARS,27,SOU (H) 2-0,7,90,1,0,1,0,45.4,3.3,103,15.2
Lacazette,ARS,28,BOU (H) 5-1,5,26,1,0,0,0,41,1.1,26,6.8
Lacazette,ARS,29,TOT (A) 1-1,4,55,0,1,0,0,16.2,13.3,12,4.2
Lacazette,ARS,30,MUN (H) 2-0,8,85,0,2,1,0,11,12.9,49,7.3
Lacazette,ARS,32,NEW (H) 2-0,7,90,1,0,1,0,39.6,39.3,57,13.6
Lacazette,ARS,33,EVE (A) 1-0,2,90,0,0,0,1,11.6,5.3,21,3.8
Lacazette,ARS,34,WAT (A) 0-1,0,0,0,0,0,0,0,0,0,0
Lacazette,ARS,35,CRY (H) 2-3,5,90,0,1,0,3,22.2,28.6,51,10.2
Lacazette,ARS,35,WOL (A) 3-1,2,90,0,0,0,3,5.8,25.2,30,6.1
Lacazette,ARS,36,LEI (A),0,0,0,0,0,0,0,0,0,0
Firmino,LIV,1,WHU (H) 4-0,5,68,0,1,1,0,22.6,29.5,15,6.7
Firmino,LIV,2,CRY (A) 0-2,2,90,0,0,1,0,8,17.9,7,3.3
Firmino,LIV,3,BHA (H) 1-0,5,90,0,1,1,0,27.8,15.3,83,12.6
Firmino,LIV,4,LEI (A) 1-2,7,90,1,0,0,1,46.2,13.4,44,10.4
Firmino,LIV,5,TOT (A) 1-2,9,73,1,0,1,0,40.8,15.4,39,9.5
Firmino,LIV,6,SOU (H) 3-0,2,90,0,0,1,0,8.6,22.7,32,6.3
Firmino,LIV,7,CHE (A) 1-1,2,90,0,0,0,1,12.6,47.3,50,11
Firmino,LIV,8,MCI (H) 0-0,2,71,0,0,1,0,0,1.7,4,0.6
Firmino,LIV,9,HUD (A) 0-1,1,13,0,0,0,0,0,0.3,1,0
Firmino,LIV,10,CAR (H) 4-1,2,70,0,0,1,0,7.2,16.4,9,3.3
Firmino,LIV,11,ARS (A) 1-1,2,79,0,0,1,0,0,2.1,22,1.9
Firmino,LIV,12,FUL (H) 2-0,2,90,0,0,1,0,17.6,59.6,19,9.6
Firmino,LIV,13,WAT (A) 0-3,12,90,1,1,1,0,43.6,17.5,60,12.1
Firmino,LIV,14,EVE (H) 1-0,2,83,0,0,1,0,3.2,13.5,17,3.4
Firmino,LIV,15,BUR (A) 1-3,7,24,1,0,0,0,38.2,11.5,35,8.5
Firmino,LIV,16,BOU (A) 0-4,9,80,0,2,1,0,24.4,21.8,9,5.5
Firmino,LIV,17,MUN (H) 3-1,2,90,0,0,0,1,11.4,20.3,115,14.7
Firmino,LIV,18,WOL (A) 0-2,2,75,0,0,1,0,6.4,12.3,18,3.7
Firmino,LIV,19,NEW (H) 4-0,2,68,0,0,1,0,7.2,20,23,5
Firmino,LIV,20,ARS (H) 5-1,17,90,3,0,0,1,116.6,26.7,96,23.9
Firmino,LIV,21,MCI (A) 2-1,8,90,1,0,0,2,40.6,2.4,54,9.7
Firmino,LIV,22,BHA (A) 0-1,2,90,0,0,1,0,3.8,7.6,23,3.4
Firmino,LIV,23,CRY (H) 4-3,8,90,1,0,0,3,37.4,27,30,9.4
Firmino,LIV,24,LEI (H) 1-1,2,81,0,0,0,1,14.2,8,46,6.8
Firmino,LIV,25,WHU (A) 1-1,2,74,0,0,0,1,9,17.3,23,4.9
Firmino,LIV,26,BOU (H) 3-0,5,89,0,1,1,0,32.6,54.1,78,16.5
Firmino,LIV,27,MUN (A) 0-0,1,30,0,0,0,0,0.2,1.9,0,0.2
Firmino,LIV,28,WAT (H) 5-0,0,0,0,0,0,0,0,0,0,0
Firmino,LIV,29,EVE (A) 0-0,1,27,0,0,0,0,0.2,0.8,20,2.1
Firmino,LIV,30,BUR (H) 4-2,13,90,2,0,0,2,71.8,11.4,72,15.5
Firmino,LIV,31,FUL (A) 1-2,5,71,0,1,1,0,18.8,13.5,30,6.2
Firmino,LIV,32,TOT (H) 2-1,8,90,1,0,0,1,43.2,40.3,31,11.5
Firmino,LIV,33,SOU (A) 1-3,7,90,0,1,0,1,38.2,41,40,11.9
Firmino,LIV,34,CHE (H) 2-0,2,90,0,0,1,0,15.6,37.2,38,9.1
Firmino,LIV,35,CAR (A) 0-2,2,90,0,0,1,0,6.8,22.4,57,8.6
Firmino,LIV,36,HUD (H) 3-0,0,0,0,0,0,0,0,0,0,0
Kane,TOT,1,NEW (A) 1-2,1,90,0,0,0,1,6.6,24.3,26,5.7
Kane,TOT,2,FUL (H) 3-1,7,88,1,0,0,1,40,31,56,12.7
Kane,TOT,3,MUN (A) 0-3,10,88,1,1,1,0,0,0,0,0
Kane,TOT,4,WAT (A) 2-1,2,90,0,0,0,2,0,2.6,30,3.2
Kane,TOT,5,LIV (H) 1-2,2,90,0,0,0,2,0.2,1.3,48,5
Kane,TOT,6,BHA (A) 1-2,9,90,1,0,0,1,54.2,37.8,80,17.2
Kane,TOT,7,HUD (A) 0-2,13,90,2,0,1,0,84.2,12.2,61,15.7
Kane,TOT,8,CAR (H) 1-0,1,90,0,0,1,0,14.6,16.9,73,10.5
Kane,TOT,9,WHU (A) 0-1,2,85,0,0,1,0,4.4,13.8,30,4.8
Kane,TOT,10,MCI (H) 0-1,2,90,0,0,0,1,2,3.4,3,0.8
Kane,TOT,11,WOL (A) 2-3,7,90,1,0,0,2,60.2,1.8,114,17.6
Kane,TOT,12,CRY (A) 0-1,5,90,0,1,1,0,4.4,7,31,4.2
Kane,TOT,13,CHE (H) 3-1,6,90,1,0,0,1,42.6,12.2,47,10.2
Kane,TOT,14,ARS (A) 4-2,6,90,1,0,0,4,32.6,0.4,27,6
Kane,TOT,15,SOU (H) 3-1,12,90,1,1,0,1,57,19.8,72,14.9
Kane,TOT,16,LEI (A) 0-2,1,16,0,0,0,0,3.2,0.7,4,0.8
Kane,TOT,17,BUR (H) 1-0,5,90,0,1,1,0,24,15.6,36,7.6
Kane,TOT,18,EVE (A) 2-6,15,90,2,1,0,2,58.8,6.8,64,13
Kane,TOT,19,BOU (H) 5-0,6,76,1,0,1,0,47.6,37.4,30,11.5
Kane,TOT,20,WOL (H) 1-3,6,90,1,0,0,3,35.4,4.7,7,4.7
Kane,TOT,21,CAR (A) 0-3,12,90,1,1,1,0,52.2,39.1,66,15.7
Kane,TOT,22,MUN (H) 0-1,2,90,0,0,0,1,18.8,38,97,15.4
Kane,TOT,23,FUL (A) 1-2,0,0,0,0,0,0,0,0,0,0
Kane,TOT,24,WAT (H) 2-1,0,0,0,0,0,0,0,0,0,0
Kane,TOT,25,NEW (H) 1-0,0,0,0,0,0,0,0,0,0,0
Kane,TOT,26,LEI (H) 3-1,0,0,0,0,0,0,0,0,0,0
Kane,TOT,27,BUR (A) 2-1,8,90,1,0,0,2,40.8,11.9,68,12.1
Kane,TOT,28,CHE (A) 2-0,1,90,0,0,0,2,6.4,31.8,32,7
Kane,TOT,29,ARS (H) 1-1,7,90,1,0,0,1,37.4,3.9,27,6.8
Kane,TOT,30,SOU (A) 2-1,8,90,1,0,0,2,36.2,23.9,81,14.1
Kane,TOT,32,LIV (A) 2-1,2,90,0,0,0,2,10.2,4.7,37,5.2
Kane,TOT,32,CRY (H) 2-0,2,90,0,0,1,0,2,13.3,84,9.9
Kane,TOT,34,HUD (H) 4-0,0,0,0,0,0,0,0,0,0,0
Kane,TOT,35,MCI (A) 1-0,0,0,0,0,0,0,0,0,0,0
Kane,TOT,35,BHA (H) 1-0,0,0,0,0,0,0,0,0,0,0
Kane,TOT,36,WHU (H),0,0,0,0,0,0,0,0,0,0
Vardy,LEI,1,MUN (A) 2-1,6,27,1,0,0,1,35,14.5,41,9.1
Vardy,LEI,2,WOL (H) 2-0,-1,65,0,0,1,0,0,2.3,4,0.4
Vardy,LEI,3,SOU (A) 1-2,0,0,0,0,0,0,0,0,0,0
Vardy,LEI,4,LIV (H) 1-2,0,0,0,0,0,0,0,0,0,0
Vardy,LEI,5,BOU (A) 4-2,2,83,0,0,0,4,6.2,2.1,40,4.8
Vardy,LEI,6,HUD (H) 3-1,11,90,1,1,0,1,55.8,25.1,73,15.4
Vardy,LEI,7,NEW (A) 0-2,8,73,1,0,1,0,30.2,0.6,25,5.6
Vardy,LEI,8,EVE (H) 1-2,2,90,0,0,0,2,0.6,14.6,33,4.8
Vardy,LEI,9,ARS (A) 3-1,2,90,0,0,0,3,1,0,2,0.3
Vardy,LEI,10,WHU (H) 1-1,1,45,0,0,0,0,0,0.8,36,3.6
Vardy,LEI,11,CAR (A) 0-1,2,90,0,0,1,0,7.4,2.1,53,6.3
Vardy,LEI,12,BUR (H) 0-0,2,90,0,0,1,0,8.4,35.1,26,7
Vardy,LEI,13,BHA (A) 1-1,8,34,1,0,0,0,36.2,11.8,25,7.3
Vardy,LEI,14,WAT (H) 2-0,8,71,1,0,1,0,38.4,2.7,19,6
Vardy,LEI,15,FUL (A) 1-1,0,0,0,0,0,0,0,0,0,0
Vardy,LEI,16,TOT (H) 0-2,0,0,0,0,0,0,0,0,0,0
Vardy,LEI,17,CRY (A) 1-0,2,90,0,0,0,1,10.4,0.3,40,5.1
Vardy,LEI,18,CHE (A) 0-1,9,83,1,0,1,0,42.6,5.3,37,8.5
Vardy,LEI,19,MCI (H) 2-1,4,87,0,1,0,1,20.4,16.3,41,7.8
Vardy,LEI,20,CAR (H) 0-1,2,67,0,0,1,0,10.2,13.3,25,4.9
Vardy,LEI,21,EVE (A) 0-1,8,90,1,0,1,0,36.4,2.8,23,6.2
Vardy,LEI,22,SOU (H) 1-2,2,90,0,0,0,2,0,0.3,30,2.8
Vardy,LEI,23,WOL (A) 4-3,5,90,0,1,0,4,28.8,33,27,8.9
Vardy,LEI,24,LIV (A) 1-1,2,89,0,0,0,1,7.2,12.8,2,2.2
Vardy,LEI,25,MUN (H) 0-1,1,90,0,0,0,1,5.2,14.6,42,6.2
Vardy,LEI,26,TOT (A) 3-1,3,31,1,0,0,2,36.2,10.3,54,10.1
Vardy,LEI,27,CRY (H) 1-4,2,90,0,0,0,4,2.2,22,14,3.8
Vardy,LEI,28,BHA (H) 2-1,7,90,1,0,0,1,29.8,13.8,45,8.9
Vardy,LEI,29,WAT (A) 2-1,8,82,1,0,0,1,32.4,2.6,11,4.6
Vardy,LEI,30,FUL (H) 3-1,16,90,2,1,0,1,85.4,24.5,60,17
Vardy,LEI,31,BUR (A) 1-2,2,90,0,0,0,1,12.2,14.9,35,6.2
Vardy,LEI,32,BOU (H) 2-0,6,89,1,0,1,0,36.8,3.8,48,8.9
Vardy,LEI,33,HUD (A) 1-4,16,90,2,1,0,1,71.8,32.3,71,17.5
Vardy,LEI,34,NEW (H) 0-1,2,90,0,0,0,1,2.2,5.5,29,3.7
Vardy,LEI,35,WHU (A) 2-2,9,90,1,0,0,2,41.4,26.7,43,11.1
Vardy,LEI,36,ARS (H),0,0,0,0,0,0,0,0,0,0
Wilson,BOU,1,CAR (H) 2-0,8,90,1,1,1,0,58.6,20.2,103,18.2
Wilson,BOU,2,WHU (A) 1-2,6,90,1,0,0,1,44,22.3,46,11.2
Wilson,BOU,3,EVE (H) 2-2,8,90,0,2,0,2,0,12.6,41,5
Wilson,BOU,4,CHE (A) 2-0,2,90,0,0,0,2,1.6,3.2,10,1.5
Wilson,BOU,5,LEI (H) 4-2,4,90,0,1,0,2,17.2,24.3,22,6.4
Wilson,BOU,6,BUR (A) 4-0,2,67,0,0,0,2,2.8,21.3,4,2.8
Wilson,BOU,7,CRY (H) 2-1,5,90,0,1,0,1,27,29.1,23,7.9
Wilson,BOU,8,WAT (A) 0-4,14,90,1,2,1,0,55.4,11.7,78,14.5
Wilson,BOU,9,SOU (H) 0-0,1,90,0,0,1,0,0,21.1,10,3.1
Wilson,BOU,10,FUL (A) 0-3,13,90,2,0,1,0,64.4,14.4,60,13.9
Wilson,BOU,11,MUN (H) 1-2,7,90,1,0,0,2,39.6,32.1,102,17.4
Wilson,BOU,12,NEW (A) 2-1,2,90,0,0,0,2,5.6,1.9,15,2.3
Wilson,BOU,13,ARS (H) 1-2,2,90,0,0,0,2,6.8,2.8,41,5.1
Wilson,BOU,14,MCI (A) 3-1,6,84,1,0,0,3,29.4,1.5,60,9.1
Wilson,BOU,15,HUD (H) 2-1,12,90,1,1,0,1,56.6,31.8,21,10.9
Wilson,BOU,16,LIV (H) 0-4,0,0,0,0,0,0,0,0,0,0
Wilson,BOU,17,WOL (A) 2-0,1,32,0,0,0,1,0.2,0.1,18,1.8
Wilson,BOU,18,BHA (H) 2-0,2,90,0,0,1,0,2.8,22.7,15,4.1
Wilson,BOU,19,TOT (A) 5-0,2,66,0,0,0,4,3.4,11.6,6,2.1
Wilson,BOU,20,MUN (A) 4-1,2,65,0,0,0,3,0,1.3,0,0
Wilson,BOU,21,WAT (H) 3-3,6,80,1,0,0,3,34.2,13.6,58,10.6
Wilson,BOU,22,EVE (A) 2-0,0,0,0,0,0,0,0,0,0,0
Wilson,BOU,23,WHU (H) 2-0,9,72,1,0,1,0,40.6,15.2,20,7.6
Wilson,BOU,24,CHE (H) 4-0,0,0,0,0,0,0,0,0,0,0
Wilson,BOU,25,CAR (A) 2-0,0,0,0,0,0,0,0,0,0,0
Wilson,BOU,26,LIV (A) 3-0,0,0,0,0,0,0,0,0,0,0
Wilson,BOU,27,WOL (H) 1-1,0,0,0,0,0,0,0,0,0,0
Wilson,BOU,28,ARS (A) 5-1,0,0,0,0,0,0,0,0,0,0
Wilson,BOU,29,MCI (H) 0-1,0,0,0,0,0,0,0,0,0,0
Wilson,BOU,30,HUD (A) 0-2,11,90,1,1,1,0,51.4,13.4,58,12.3
Wilson,BOU,31,NEW (H) 2-2,2,90,0,0,0,2,0,0.2,22,2
Wilson,BOU,32,LEI (A) 2-0,2,90,0,0,0,2,10.6,0.6,35,4.6
Wilson,BOU,33,BUR (H) 1-3,2,90,0,0,0,3,1.6,6.7,29,3.7
Wilson,BOU,34,BHA (A) 0-5,15,82,1,2,1,0,69.6,21.1,27,11.8
Wilson,BOU,35,FUL (H) 0-1,2,90,0,0,0,1,14.6,12.4,64,9.1
Wilson,BOU,36,SOU (A),0,0,0,0,0,0,0,0,0,0
King,BOU,1,CAR (H) 2-0,2,90,0,0,1,0,5,19.3,22,4.6
King,BOU,2,WHU (A) 1-2,1,89,0,0,0,1,4,21.3,30,5.5
King,BOU,3,EVE (H) 2-2,9,90,1,0,0,2,30,15.7,35,8.1
King,BOU,4,CHE (A) 2-0,2,79,0,0,0,1,6,5.9,4,1.6
King,BOU,5,LEI (H) 4-2,11,84,1,1,1,0,55.6,13.2,40,10.9
King,BOU,6,BUR (A) 4-0,2,90,0,0,0,4,9.6,32.7,18,6
King,BOU,7,CRY (H) 2-1,2,83,0,0,0,1,4.2,21,10,3.5
King,BOU,8,WAT (A) 0-4,13,90,2,0,1,0,94.2,17.8,75,18.7
King,BOU,9,SOU (H) 0-0,2,84,0,0,1,0,0,2.6,26,2.5
King,BOU,10,FUL (A) 0-3,0,0,0,0,0,0,0,0,0,0
King,BOU,11,MUN (H) 1-2,0,0,0,0,0,0,0,0,0,0
King,BOU,12,NEW (A) 2-1,0,0,0,0,0,0,0,0,0,0
King,BOU,13,ARS (H) 1-2,7,81,1,0,0,2,36.4,25.6,35,9.7
King,BOU,14,MCI (A) 3-1,2,84,0,0,0,3,0.4,2.7,20,2.3
King,BOU,15,HUD (H) 2-1,2,90,0,0,0,1,0,2.1,18,1.9
King,BOU,16,LIV (H) 0-4,2,90,0,0,0,4,4.4,2.4,12,1.9
King,BOU,17,WOL (A) 2-0,2,90,0,0,0,2,7,12.8,56,7.6
King,BOU,18,BHA (H) 2-0,5,85,0,1,1,0,20.8,14.5,5,4
King,BOU,19,TOT (A) 5-0,1,16,0,0,0,0,2,1.6,20,2.4
King,BOU,20,MUN (A) 4-1,2,90,0,0,0,4,5.6,1.7,41,4.8
King,BOU,21,WAT (H) 3-3,2,90,0,0,0,3,8,15.6,66,9
King,BOU,22,EVE (A) 2-0,2,90,0,0,0,2,10.2,19.2,84,11.3
King,BOU,23,WHU (H) 2-0,8,90,1,0,1,0,44.2,17.3,25,8.7
King,BOU,24,CHE (H) 4-0,16,90,2,1,1,0,92.2,50.6,68,21.1
King,BOU,25,CAR (A) 2-0,2,90,0,0,0,2,12.2,17.9,39,6.9
King,BOU,26,LIV (A) 3-0,2,90,0,0,0,3,7.4,13.9,2,2.3
King,BOU,27,WOL (H) 1-1,7,90,1,0,0,1,42.6,42,29,11.4
King,BOU,28,ARS (A) 5-1,1,90,0,0,0,5,12.4,26.1,23,6.2
King,BOU,29,MCI (H) 0-1,1,90,0,0,0,1,3.4,0.3,0,0.4
King,BOU,30,HUD (A) 0-2,2,90,0,0,1,0,8.2,11.6,33,5.3
King,BOU,31,NEW (H) 2-2,13,90,2,0,0,2,75.2,31.2,26,13.2
King,BOU,32,LEI (A) 2-0,2,73,0,0,0,1,0,12.8,6,1.8
King,BOU,33,BUR (H) 1-3,2,90,0,0,0,3,4.6,15,44,6.4
King,BOU,34,BHA (A) 0-5,2,75,0,0,1,0,0,5,17,1.6
King,BOU,35,FUL (H) 0-1,2,60,0,0,0,1,3.6,12.6,8,2.4
King,BOU,36,SOU (A),0,0,0,0,0,0,0,0,0,0
Mitrovic,FUL,1,CRY (H) 0-2,2,90,0,0,0,2,7.2,4.2,66,7.7
Mitrovic,FUL,2,TOT (A) 3-1,6,90,1,0,0,3,28,3.9,42,7.4
Mitrovic,FUL,3,BUR (H) 4-2,16,90,2,1,0,2,76,19.3,75,17
Mitrovic,FUL,4,BHA (A) 2-2,5,90,1,0,0,2,42.2,16.8,44,10.3
Mitrovic,FUL,5,MCI (A) 3-0,2,90,0,0,0,3,0,2.3,13,1.5
Mitrovic,FUL,6,WAT (H) 1-1,8,90,1,0,0,1,36.8,12.9,134,18.4
Mitrovic,FUL,7,EVE (A) 3-0,1,90,0,0,0,3,12,2.6,6,2.1
Mitrovic,FUL,8,ARS (H) 1-5,2,90,0,0,0,5,7.6,37,45,9
Mitrovic,FUL,9,CAR (A) 4-2,5,90,0,1,0,4,21.8,11.7,0,3.4
Mitrovic,FUL,10,BOU (H) 0-3,1,90,0,0,0,3,5.2,4.3,5,1.5
Mitrovic,FUL,11,HUD (A) 1-0,1,90,0,0,0,1,4.6,5.6,64,7.4
Mitrovic,FUL,12,LIV (A) 2-0,2,90,0,0,0,2,9.8,1.4,18,2.9
Mitrovic,FUL,13,SOU (H) 3-2,13,85,2,0,0,2,81.8,31.2,102,21.5
Mitrovic,FUL,14,CHE (A) 2-0,2,90,0,0,0,2,6.6,5.9,5,1.8
Mitrovic,FUL,15,LEI (H) 1-1,5,90,0,1,0,1,30.8,36.9,52,12
Mitrovic,FUL,16,MUN (A) 4-1,1,45,0,0,0,3,4,2.8,25,3.2
Mitrovic,FUL,17,WHU (H) 0-2,2,90,0,0,0,2,9,31,46,8.6
Mitrovic,FUL,18,NEW (A) 0-0,2,90,0,0,1,0,4.2,2.3,41,4.8
Mitrovic,FUL,19,WOL (H) 1-1,2,90,0,0,0,1,6.2,20.2,105,13.1
Mitrovic,FUL,20,HUD (H) 1-0,7,90,1,0,1,0,34.2,15.5,48,9.8
Mitrovic,FUL,21,ARS (A) 4-1,2,90,0,0,0,4,19.8,12.7,53,8.6
Mitrovic,FUL,22,BUR (A) 2-1,2,90,0,0,0,2,0.2,13.2,6,1.9
Mitrovic,FUL,23,TOT (H) 1-2,1,90,0,0,0,2,9.8,13.3,18,4.1
Mitrovic,FUL,24,BHA (H) 4-2,13,90,2,0,0,2,76.4,46.1,80,20.3
Mitrovic,FUL,25,CRY (A) 2-0,2,90,0,0,0,2,13.8,16.3,13,4.3
Mitrovic,FUL,26,MUN (H) 0-3,1,90,0,0,0,3,6.2,14.4,46,6.7
Mitrovic,FUL,27,WHU (A) 3-1,2,90,0,0,0,3,4.4,6.6,23,3.4
Mitrovic,FUL,28,SOU (A) 2-0,2,90,0,0,0,2,1.8,15.5,27,4.4
Mitrovic,FUL,29,CHE (H) 1-2,2,90,0,0,0,2,9.2,10.8,41,6.1
Mitrovic,FUL,30,LEI (A) 3-1,2,90,0,0,0,3,4.6,4.5,29,3.8
Mitrovic,FUL,31,LIV (H) 1-2,2,90,0,0,0,2,0.6,3.5,4,0.8
Mitrovic,FUL,32,MCI (H) 0-2,0,0,0,0,0,0,0,0,0,0
Mitrovic,FUL,32,WAT (A) 4-1,2,90,0,0,0,4,11.2,26.3,147,18.5
Mitrovic,FUL,34,EVE (H) 2-0,5,90,0,1,1,0,17.8,11.3,69,9.8
Mitrovic,FUL,35,BOU (A) 0-1,5,90,1,0,1,0,31.4,13.3,48,9.3
Mitrovic,FUL,36,CAR (H),0,0,0,0,0,0,0,0,0,0
Rondon,NEW,1,TOT (H) 1-2,1,31,0,0,0,0,0,0.5,26,2.5
Rondon,NEW,2,CAR (A) 0-0,0,0,0,0,0,0,0,0,0,0
Rondon,NEW,3,CHE (H) 1-2,2,61,0,0,1,0,0,1.3,4,0.5
Rondon,NEW,4,MCI (A) 2-1,5,72,0,1,0,2,20.6,10.9,6,3.8
Rondon,NEW,5,ARS (H) 1-2,0,0,0,0,0,0,0,0,0,0
Rondon,NEW,6,CRY (A) 0-0,1,45,0,0,0,0,2.2,1.9,0,0.4
Rondon,NEW,7,LEI (H) 0-2,0,0,0,0,0,0,0,0,0,0
Rondon,NEW,8,MUN (A) 3-2,0,0,0,0,0,0,0,0,0,0
Rondon,NEW,9,BHA (H) 0-1,0,0,0,0,0,0,0,0,0,0
Rondon,NEW,10,SOU (A) 0-0,1,21,0,0,0,0,0,0.1,12,0.9
Rondon,NEW,11,WAT (H) 1-0,2,90,0,0,1,0,3.2,0.3,12,1.6
Rondon,NEW,12,BOU (H) 2-1,12,90,2,0,0,1,75.6,2.3,115,19.3
Rondon,NEW,13,BUR (A) 1-2,2,70,0,0,0,1,0,2.2,24,2.6
Rondon,NEW,14,WHU (H) 0-3,2,90,0,0,0,3,1.4,5.8,89,9.6
Rondon,NEW,15,EVE (A) 1-1,9,73,1,0,0,1,32.6,0.5,34,6.7
Rondon,NEW,16,WOL (H) 1-2,5,85,0,1,0,1,22,16.8,49,8.8
Rondon,NEW,17,HUD (A) 0-1,7,80,1,0,1,0,38.4,3.6,17,5.9
Rondon,NEW,18,FUL (H) 0-0,2,90,0,0,1,0,3.4,14.1,8,2.6
Rondon,NEW,19,LIV (A) 4-0,0,0,0,0,0,0,0,0,0,0
Rondon,NEW,20,WAT (A) 1-1,8,90,1,0,0,1,48,17.5,41,10.7
Rondon,NEW,21,MUN (H) 0-2,2,90,0,0,0,2,2,12.1,33,4.7
Rondon,NEW,22,CHE (A) 2-1,2,90,0,0,0,2,1.4,17.5,10,2.9
Rondon,NEW,23,CAR (H) 3-0,5,90,0,1,1,0,27,36.6,67,13.1
Rondon,NEW,24,MCI (H) 2-1,8,90,1,0,0,1,40.8,25.3,17,8.3
Rondon,NEW,25,TOT (A) 1-0,2,90,0,0,0,1,4.8,13.3,28,4.6
Rondon,NEW,26,WOL (A) 1-1,2,90,0,0,0,1,13.2,8.2,58,7.9
Rondon,NEW,27,HUD (H) 2-0,12,83,1,1,1,0,58,32.3,119,20.9
Rondon,NEW,28,BUR (H) 2-0,2,90,0,0,1,0,6.4,36.3,26,6.9
Rondon,NEW,29,WHU (A) 2-0,2,90,0,0,0,2,19.8,59.1,70,14.9
Rondon,NEW,30,EVE (H) 3-2,11,90,1,1,0,2,49,12.3,31,9.2
Rondon,NEW,31,BOU (A) 2-2,8,90,1,0,0,2,37,5.3,27,6.9
Rondon,NEW,32,ARS (A) 2-0,2,90,0,0,0,2,4.4,15.3,21,4.1
Rondon,NEW,33,CRY (H) 0-1,2,90,0,0,0,1,3.6,45.4,40,8.9
Rondon,NEW,34,LEI (A) 0-1,2,90,0,0,1,0,4.4,28.3,5,3.8
Rondon,NEW,35,SOU (H) 3-1,5,90,0,1,0,1,23.4,17.8,68,10.9
Rondon,NEW,36,BHA (A),0,0,0,0,0,0,0,0,0,0
Wood,BUR,1,SOU (A) 0-0,2,72,0,0,1,0,5.8,2.8,52,6.1
Wood,BUR,2,WAT (H) 1-3,2,64,0,0,0,3,0,2.3,8,0.9
Wood,BUR,3,FUL (A) 4-2,2,65,0,0,0,3,0,10.8,4,1.3
Wood,BUR,4,MUN (H) 0-2,2,83,0,0,0,2,0.4,1.8,6,0.8
Wood,BUR,5,WOL (A) 1-0,1,20,0,0,0,0,0,0.6,0,0.1
Wood,BUR,6,BOU (H) 4-0,1,30,0,0,0,0,2,1,9,1.2
Wood,BUR,7,CAR (A) 1-2,1,18,0,0,0,0,4,0.3,0,0.4
Wood,BUR,8,HUD (H) 1-1,1,29,0,0,0,1,0,0.8,2,0.2
Wood,BUR,9,MCI (A) 5-0,1,21,0,0,0,2,0.2,0,2,0.2
Wood,BUR,10,CHE (H) 0-4,1,31,0,0,0,2,8,0.3,17,2.5
Wood,BUR,11,WHU (A) 4-2,5,18,1,0,0,2,33.8,11.8,21,6.7
Wood,BUR,12,LEI (A) 0-0,2,90,0,0,1,0,2.4,2.2,33,3.8
Wood,BUR,13,NEW (H) 1-2,2,90,0,0,0,2,9.4,6.9,91,10.7
Wood,BUR,14,CRY (A) 2-0,2,79,0,0,0,2,3,1.3,0,0.4
Wood,BUR,15,LIV (H) 1-3,2,70,0,0,0,2,2,16.3,12,3
Wood,BUR,16,BHA (H) 1-0,2,90,0,0,1,0,2.4,0.9,51,5.4
Wood,BUR,17,TOT (A) 1-0,1,10,0,0,0,1,0.2,0.3,18,1.9
Wood,BUR,18,ARS (A) 3-1,1,76,0,0,0,2,2.6,16.2,6,2.5
Wood,BUR,19,EVE (H) 1-5,1,17,0,0,0,1,0,1.3,4,0.2
Wood,BUR,20,WHU (H) 2-0,9,90,1,0,1,0,41.2,27.8,33,10.2
Wood,BUR,21,HUD (A) 1-2,5,90,1,0,0,1,35,25.1,48,10.8
Wood,BUR,22,FUL (H) 2-1,2,86,0,0,0,1,0,5.3,22,2.3
Wood,BUR,23,WAT (A) 0-0,2,90,0,0,1,0,1.8,18.2,8,2.8
Wood,BUR,24,MUN (A) 2-2,9,90,1,0,0,2,42,0.1,60,10.2
Wood,BUR,25,SOU (H) 1-1,2,75,0,0,0,1,0.2,2.3,6,0.9
Wood,BUR,26,BHA (A) 1-3,13,90,2,0,0,1,80.2,4.3,38,12.3
Wood,BUR,27,TOT (H) 2-1,9,90,1,0,0,1,37.4,12.3,35,8.5
Wood,BUR,28,NEW (A) 2-0,2,82,0,0,0,2,5.2,12.2,37,5.4
Wood,BUR,29,CRY (H) 1-3,2,80,0,0,0,3,4.2,11.9,27,4.3
Wood,BUR,30,LIV (A) 4-2,2,78,0,0,0,3,5.8,12.3,4,2.2
Wood,BUR,31,LEI (H) 1-2,2,69,0,0,0,1,0,12.8,14,2.4
Wood,BUR,32,WOL (H) 2-0,5,90,0,1,1,0,0,1.8,29,2.9
Wood,BUR,33,BOU (A) 1-3,11,90,1,1,0,1,48.4,23.5,48,12
Wood,BUR,34,CAR (H) 2-0,13,90,2,0,1,0,71.4,20.2,103,19.5
Wood,BUR,35,CHE (A) 2-2,5,90,0,1,0,2,18,25.4,7,5
Wood,BUR,36,MCI (H),0,0,0,0,0,0,0,0,0,0
Perez,NEW,1,TOT (H) 1-2,2,80,0,0,0,2,15.6,13.1,17,4.6
Perez,NEW,2,CAR (A) 0-0,2,64,0,0,1,0,12.2,1.8,38,5.2
Perez,NEW,3,CHE (H) 1-2,1,17,0,0,0,2,0,0.6,1,0
Perez,NEW,4,MCI (A) 2-1,2,90,0,0,0,2,8.2,10.9,4,2.3
Perez,NEW,5,ARS (H) 1-2,2,90,0,0,0,2,12.6,15.7,8,3.6
Perez,NEW,6,CRY (A) 0-0,2,80,0,0,1,0,7.4,2.3,11,2.1
Perez,NEW,7,LEI (H) 0-2,2,68,0,0,0,1,1.2,8.6,20,3
Perez,NEW,8,MUN (A) 3-2,5,87,0,1,0,2,27.8,11.8,21,6.1
Perez,NEW,9,BHA (H) 0-1,2,90,0,0,0,1,14.2,65.3,51,13.1
Perez,NEW,10,SOU (A) 0-0,2,68,0,0,1,0,5.8,15.2,2,2.3
Perez,NEW,11,WAT (H) 1-0,8,45,1,0,0,0,33.4,0.8,21,5.5
Perez,NEW,12,BOU (H) 2-1,2,90,0,0,0,1,20.2,38.1,6,6.4
Perez,NEW,13,BUR (A) 1-2,2,90,0,0,0,1,18.4,27.2,20,6.6
Perez,NEW,14,WHU (H) 0-3,2,77,0,0,0,2,10,45.6,35,9.1
Perez,NEW,15,EVE (A) 1-1,1,26,0,0,0,0,15.4,13.3,0,2.9
Perez,NEW,16,WOL (H) 1-2,9,90,1,0,0,2,43.4,12.8,27,8.3
Perez,NEW,17,HUD (A) 0-1,2,90,0,0,1,0,12.6,34.3,8,5.5
Perez,NEW,18,FUL (H) 0-0,2,90,0,0,1,0,7,2.5,8,1.8
Perez,NEW,19,LIV (A) 4-0,0,0,0,0,0,0,0,0,0,0
Perez,NEW,20,WAT (A) 1-1,2,90,0,0,0,1,5.4,1,6,1.2
Perez,NEW,21,MUN (H) 0-2,2,68,0,0,0,1,12.6,10.5,20,4.3
Perez,NEW,22,CHE (A) 2-1,2,81,0,0,0,2,7.6,1.6,5,1.4
Perez,NEW,23,CAR (H) 3-0,7,90,1,0,1,0,46.8,13.8,72,13.3
Perez,NEW,24,MCI (H) 2-1,1,90,0,0,0,1,11,1.3,6,1.8
Perez,NEW,25,TOT (A) 1-0,2,90,0,0,0,1,12.8,2.5,29,4.4
Perez,NEW,26,WOL (A) 1-1,2,90,0,0,1,0,14,33,8,5.5
Perez,NEW,27,HUD (H) 2-0,6,90,1,0,1,0,45.2,24.7,75,14.5
Perez,NEW,28,BUR (H) 2-0,2,86,0,0,1,0,4.2,12,2,1.8
Perez,NEW,29,WHU (A) 2-0,2,90,0,0,0,2,10.8,46.8,30,8.8
Perez,NEW,30,EVE (H) 3-2,16,90,2,1,0,2,97.8,26.4,79,20.3
Perez,NEW,31,BOU (A) 2-2,1,71,0,0,0,1,10.2,22.8,15,4.8
Perez,NEW,32,ARS (A) 2-0,2,76,0,0,0,1,0.8,1.7,4,0.7
Perez,NEW,33,CRY (H) 0-1,2,90,0,0,0,1,13.4,26.8,32,7.2
Perez,NEW,34,LEI (A) 0-1,9,90,1,0,1,0,48,14.7,78,14.1
Perez,NEW,35,SOU (H) 3-1,17,90,3,0,0,1,109.4,2.3,108,22
Perez,NEW,36,BHA (A),0,0,0,0,0,0,0,0,0,0
Zaha,CRY,1,FUL (A) 0-2,5,90,1,0,1,0,37.4,8.3,52,9.8
Zaha,CRY,2,LIV (H) 0-2,2,90,0,0,0,2,16.4,19.1,47,8.3
Zaha,CRY,3,WAT (A) 2-1,5,90,1,0,0,2,32.6,14,19,6.6
Zaha,CRY,4,SOU (H) 0-2,0,0,0,0,0,0,0,0,0,0
Zaha,CRY,5,HUD (A) 0-1,7,90,1,0,1,0,39.4,26.2,62,12.8
Zaha,CRY,6,NEW (H) 0-0,2,90,0,0,1,0,8.6,7.7,26,4.2
Zaha,CRY,7,BOU (A) 2-1,6,90,0,1,0,2,25.4,24.9,14,6.4
Zaha,CRY,8,WOL (H) 0-1,2,90,0,0,0,1,7.2,13.9,16,3.7
Zaha,CRY,9,EVE (A) 2-0,2,90,0,0,0,2,0.6,8,12,2.1
Zaha,CRY,10,ARS (H) 2-2,5,90,0,1,0,2,10.4,36.8,46,9.3
Zaha,CRY,11,CHE (A) 3-1,2,90,0,0,0,3,21.2,31.9,14,6.7
Zaha,CRY,12,TOT (H) 0-1,0,0,0,0,0,0,0,0,0,0
Zaha,CRY,13,MUN (A) 0-0,2,90,0,0,1,0,0,26.4,36,6.1
Zaha,CRY,14,BUR (H) 2-0,2,90,0,0,1,0,12,16,82,11
Zaha,CRY,15,BHA (A) 3-1,4,90,0,1,0,3,9.8,55,18,8.3
Zaha,CRY,16,WHU (A) 3-2,1,90,0,0,0,3,13.8,7.9,19,4.1
Zaha,CRY,17,LEI (H) 1-0,0,0,0,0,0,0,0,0,0,0
Zaha,CRY,18,MCI (A) 2-3,1,87,0,0,0,2,1.6,11.3,0,1.3
Zaha,CRY,19,CAR (H) 0-0,2,90,0,0,1,0,20,60.2,68,14.8
Zaha,CRY,20,CHE (H) 0-1,2,90,0,0,0,1,5.4,18.5,8,3.2
Zaha,CRY,21,WOL (A) 0-2,5,90,0,1,1,0,24.4,14.8,52,9.1
Zaha,CRY,22,WAT (H) 1-2,2,90,0,0,0,2,10.6,5,57,7.3
Zaha,CRY,23,LIV (A) 4-3,5,90,0,1,0,4,29,37.6,12,7.9
Zaha,CRY,24,SOU (A) 1-1,3,86,1,0,0,1,46.4,33.8,39,11.9
Zaha,CRY,25,FUL (H) 2-0,0,0,0,0,0,0,0,0,0,0
Zaha,CRY,26,WHU (H) 1-1,9,90,1,0,0,1,51.8,44.9,103,20
Zaha,CRY,27,LEI (A) 1-4,13,90,2,0,0,1,70.2,0.9,52,12.3
Zaha,CRY,28,MUN (H) 1-3,1,90,0,0,0,3,10.8,13.5,40,6.4
Zaha,CRY,29,BUR (A) 1-3,9,78,1,0,1,0,38.6,2.3,25,6.6
Zaha,CRY,30,BHA (H) 1-2,2,90,0,0,0,2,8.2,24.4,33,6.6
Zaha,CRY,32,HUD (H) 2-0,8,90,0,2,1,0,22.2,23,28,7.3
Zaha,CRY,32,TOT (A) 2-0,2,90,0,0,0,2,8.6,3.4,23,3.5
Zaha,CRY,33,NEW (A) 0-1,5,90,0,1,1,0,14.6,35,12,6.2
Zaha,CRY,34,MCI (H) 1-3,2,90,0,0,0,3,11.2,2.7,37,5.1
Zaha,CRY,35,ARS (A) 2-3,6,90,1,0,0,2,42.6,33.7,21,9.7
Zaha,CRY,36,EVE (H),0,0,0,0,0,0,0,0,0,0
Rashford,MUN,1,LEI (H) 2-1,2,66,0,0,1,0,11,5.8,0,1.7
Rashford,MUN,2,BHA (A) 3-2,1,45,0,0,0,0,2.6,1.7,4,0.8
Rashford,MUN,3,TOT (H) 0-3,0,0,0,0,0,0,0,0,0,0
Rashford,MUN,4,BUR (A) 0-2,-2,10,0,0,0,0,0,14.3,4,1.7
Rashford,MUN,5,WAT (A) 1-2,0,0,0,0,0,0,0,0,0,0
Rashford,MUN,6,WOL (H) 1-1,0,0,0,0,0,0,0,0,0,0
Rashford,MUN,7,WHU (A) 3-1,5,33,1,0,0,1,36.8,7,25,6.9
Rashford,MUN,8,NEW (H) 3-2,2,66,0,0,0,2,0,5.3,14,1.8
Rashford,MUN,9,CHE (A) 2-2,5,84,0,1,0,1,25.6,13.5,10,4.9
Rashford,MUN,10,EVE (H) 2-1,2,64,0,0,1,0,3.2,3,21,2.7
Rashford,MUN,11,BOU (A) 1-2,5,34,1,0,0,0,37.8,21.8,55,11.5
Rashford,MUN,12,MCI (A) 3-1,2,72,0,0,0,2,3,10.7,0,1.4
Rashford,MUN,13,CRY (H) 0-0,1,30,0,0,0,0,3.6,2.8,18,2.4
Rashford,MUN,14,SOU (A) 2-2,7,76,0,2,0,2,37.8,52.4,13,10.3
Rashford,MUN,15,ARS (H) 2-2,2,90,0,0,0,2,11.8,32.6,16,6
Rashford,MUN,16,FUL (H) 4-1,14,83,1,2,0,1,79.6,35.2,81,19.6
Rashford,MUN,17,LIV (A) 3-1,2,90,0,0,0,3,12.6,1.3,9,2.3
Rashford,MUN,18,CAR (A) 1-5,6,78,1,0,0,1,31.8,14.3,54,10
Rashford,MUN,19,HUD (H) 3-1,2,90,0,0,0,1,11.8,42,56,11
Rashford,MUN,20,BOU (H) 4-1,11,69,1,1,0,1,55.6,14.6,78,14.8
Rashford,MUN,21,NEW (A) 0-2,12,86,1,1,1,0,44.8,15.3,82,14.2
Rashford,MUN,22,TOT (A) 0-1,7,90,1,0,1,0,38.2,2.7,39,8
Rashford,MUN,23,BHA (H) 2-1,8,90,1,0,0,1,38.8,20.7,57,11.7
Rashford,MUN,24,BUR (H) 2-2,2,90,0,0,0,2,9,23.4,55,8.7
Rashford,MUN,25,LEI (A) 0-1,7,77,1,0,1,0,39.4,6.3,56,10.2
Rashford,MUN,26,FUL (A) 0-3,0,0,0,0,0,0,0,0,0,0
Rashford,MUN,27,LIV (H) 0-0,2,90,0,0,1,0,7.2,11,19,3.7
Rashford,MUN,28,CRY (A) 1-3,1,13,0,0,0,0,1.6,1.1,0,0.3
Rashford,MUN,29,SOU (H) 3-2,2,90,0,0,0,2,0,2,37,3.3
Rashford,MUN,30,ARS (A) 2-0,2,90,0,0,0,2,4,36.8,33,7.4
Rashford,MUN,32,WAT (H) 2-1,7,90,1,0,0,1,41,15.5,31,8.8
Rashford,MUN,32,WOL (A) 2-1,0,0,0,0,0,0,0,0,0,0
Rashford,MUN,34,WHU (H) 2-1,1,35,0,0,0,0,3,2.4,30,3.5
Rashford,MUN,35,EVE (A) 4-0,2,76,0,0,0,4,0,4.6,6,0.8
Rashford,MUN,35,MCI (H) 0-2,2,90,0,0,0,2,6.6,25.1,9,4.1
Rashford,MUN,36,CHE (H),0,0,0,0,0,0,0,0,0,0
Barnes,BUR,1,SOU (A) 0-0,1,14,0,0,0,0,5.2,10.3,7,2.3
Barnes,BUR,2,WAT (H) 1-3,1,25,0,0,0,0,0,1.3,0,0
Barnes,BUR,3,FUL (A) 4-2,1,24,0,0,0,1,0,0,0,0
Barnes,BUR,4,MUN (H) 0-2,1,10,0,0,0,0,2.2,14.9,3,2
Barnes,BUR,5,WOL (A) 1-0,1,55,0,0,0,0,2.4,11.1,18,3.2
Barnes,BUR,6,BOU (H) 4-0,12,21,2,0,0,0,71,0.3,50,12.1
Barnes,BUR,7,CAR (A) 1-2,0,0,0,0,0,0,0,0,0,0
Barnes,BUR,8,HUD (H) 1-1,2,60,0,0,1,0,0.2,0.6,2,0.3
Barnes,BUR,9,MCI (A) 5-0,1,15,0,0,0,2,0,1.6,0,0.2
Barnes,BUR,10,CHE (H) 0-4,1,25,0,0,0,1,1.2,0.7,4,0.6
Barnes,BUR,11,WHU (A) 4-2,0,18,0,0,0,2,0,0.3,2,0.1
Barnes,BUR,12,LEI (A) 0-0,1,17,0,0,0,0,1,0,0,0.1
Barnes,BUR,13,NEW (H) 1-2,1,7,0,0,0,0,0,0.3,1,0
Barnes,BUR,14,CRY (A) 2-0,1,10,0,0,0,0,0,1.1,7,0.5
Barnes,BUR,15,LIV (H) 1-3,5,82,0,1,0,2,6.6,1.2,44,5.2
Barnes,BUR,16,BHA (H) 1-0,2,84,0,0,1,0,4.8,12.3,40,5.7
Barnes,BUR,17,TOT (A) 1-0,2,79,0,0,1,0,5.6,5.8,22,3.3
Barnes,BUR,18,ARS (A) 3-1,7,76,1,0,0,2,31.8,14.1,36,8.2
Barnes,BUR,19,EVE (H) 1-5,2,90,0,0,0,5,6.2,3.3,21,3.1
Barnes,BUR,20,WHU (H) 2-0,4,90,0,1,1,0,23,44.6,82,15
Barnes,BUR,21,HUD (A) 1-2,7,90,1,0,0,1,37.8,11.6,75,12.4
Barnes,BUR,22,FUL (H) 2-1,2,90,0,0,0,1,20.4,34.8,6,6.1
Barnes,BUR,23,WAT (A) 0-0,2,90,0,0,1,0,0,7.3,45,5.2
Barnes,BUR,24,MUN (A) 2-2,6,90,1,0,0,2,41.8,22,19,8.3
Barnes,BUR,25,SOU (H) 1-1,5,90,1,0,0,1,35.8,3.4,118,15.7
Barnes,BUR,26,BHA (A) 1-3,11,90,1,1,0,1,56,14.5,32,10.3
Barnes,BUR,27,TOT (H) 2-1,7,90,1,0,0,1,29.4,1.9,55,8.6
Barnes,BUR,28,NEW (A) 2-0,2,70,0,0,0,2,2.4,10.7,22,3.5
Barnes,BUR,29,CRY (H) 1-3,6,90,1,0,0,3,30.8,11.3,77,11.9
Barnes,BUR,30,LIV (A) 4-2,2,85,0,0,0,3,8.4,1.2,4,1.4
Barnes,BUR,31,LEI (H) 1-2,2,90,0,0,0,2,5.8,24.1,36,6.6
Barnes,BUR,32,WOL (H) 2-0,2,90,0,0,1,0,10.4,2.4,18,3.1
Barnes,BUR,33,BOU (A) 1-3,3,90,1,0,0,1,32.4,12.8,37,8.2
Barnes,BUR,34,CAR (H) 2-0,1,90,0,0,1,0,10.2,12.3,15,3.8
Barnes,BUR,35,CHE (A) 2-2,9,90,1,0,0,2,55.4,0.4,70,12.6
Barnes,BUR,36,MCI (H),0,0,0,0,0,0,0,0,0,0
Lukaku,MUN,1,LEI (H) 2-1,1,23,0,0,0,1,4,0.5,17,2.2
Lukaku,MUN,2,BHA (A) 3-2,8,90,1,0,0,3,35,2.5,39,7.7
Lukaku,MUN,3,TOT (H) 0-3,2,90,0,0,0,3,0,0,0,0
Lukaku,MUN,4,BUR (A) 0-2,12,90,2,0,1,0,82.4,53.9,116,25.2
Lukaku,MUN,5,WAT (A) 1-2,6,90,1,0,0,1,37.6,2.5,57,9.7
Lukaku,MUN,6,WOL (H) 1-1,2,90,0,0,0,1,0.6,1.8,24,2.6
Lukaku,MUN,7,WHU (A) 3-1,2,90,0,0,0,3,0,4,30,3.4
Lukaku,MUN,8,NEW (H) 3-2,2,90,0,0,0,2,11.2,36,10,5.7
Lukaku,MUN,9,CHE (A) 2-2,2,90,0,0,0,2,1.8,15.8,12,3
Lukaku,MUN,10,EVE (H) 2-1,1,25,0,0,0,1,0,2.5,6,0.8
Lukaku,MUN,11,BOU (A) 1-2,0,0,0,0,0,0,0,0,0,0
Lukaku,MUN,12,MCI (A) 3-1,4,33,0,1,0,1,2.2,0,2,0.4
Lukaku,MUN,13,CRY (H) 0-0,2,90,0,0,1,0,5.4,14.2,27,4.7
Lukaku,MUN,14,SOU (A) 2-2,9,85,1,0,0,2,41.6,12.9,36,9.1
Lukaku,MUN,15,ARS (H) 2-2,1,27,0,0,0,1,1.2,0.3,2,0.4
Lukaku,MUN,16,FUL (H) 4-1,6,90,1,0,0,1,47.8,13.8,98,16
Lukaku,MUN,17,LIV (A) 3-1,1,90,0,0,0,3,7.2,21.2,8,3.6
Lukaku,MUN,18,CAR (A) 1-5,0,0,0,0,0,0,0,0,0,0
Lukaku,MUN,19,HUD (H) 3-1,0,0,0,0,0,0,0,0,0,0
Lukaku,MUN,20,BOU (H) 4-1,5,20,1,0,0,0,37.2,3.3,17,5.8
Lukaku,MUN,21,NEW (A) 0-2,5,27,1,0,0,0,39,1.5,50,9.1
Lukaku,MUN,22,TOT (A) 0-1,1,17,0,0,0,0,0.2,1.8,18,2
Lukaku,MUN,23,BHA (H) 2-1,1,7,0,0,0,0,3,0.1,0,0.3
Lukaku,MUN,24,BUR (H) 2-2,2,66,0,0,0,1,3.2,11.2,53,6.7
Lukaku,MUN,25,LEI (A) 0-1,1,12,0,0,0,0,6.4,1.3,21,2.9
Lukaku,MUN,26,FUL (A) 0-3,2,90,0,0,1,0,1.6,4.8,10,1.6
Lukaku,MUN,27,LIV (H) 0-0,2,90,0,0,1,0,5.8,5.3,33,4.4
Lukaku,MUN,28,CRY (A) 1-3,12,90,2,0,0,1,61.2,2.8,60,12.4
Lukaku,MUN,29,SOU (H) 3-2,12,90,2,0,0,2,75,17.9,84,17.7
Lukaku,MUN,30,ARS (A) 2-0,2,90,0,0,0,2,12,9.2,70,9.1
Lukaku,MUN,32,WAT (H) 2-1,0,0,0,0,0,0,0,0,0,0
Lukaku,MUN,32,WOL (A) 2-1,2,72,0,0,0,1,7,27.4,41,7.5
Lukaku,MUN,34,WHU (H) 2-1,2,74,0,0,0,1,4.4,23.1,14,4.2
Lukaku,MUN,35,EVE (A) 4-0,2,90,0,0,0,4,2.4,1.6,8,1.2
Lukaku,MUN,35,MCI (H) 0-2,1,18,0,0,0,0,0.4,0.4,6,0.7
Lukaku,MUN,36,CHE (H),0,0,0,0,0,0,0,0,0,0
Deeney,WAT,1,BHA (H) 2-0,2,90,0,0,1,0,5,6.3,20,3.1
Deeney,WAT,2,BUR (A) 1-3,12,88,1,1,0,1,59,27.4,75,16.1
Deeney,WAT,3,CRY (H) 2-1,2,90,0,0,0,1,11.2,14.3,16,4.2
Deeney,WAT,4,TOT (H) 2-1,7,90,1,0,0,1,43.2,2.7,38,8.4
Deeney,WAT,5,MUN (H) 1-2,2,90,0,0,0,2,6.8,14.3,27,4.8
Deeney,WAT,6,FUL (A) 1-1,2,90,0,0,0,1,5.6,5.9,41,5.3
Deeney,WAT,7,ARS (A) 2-0,1,90,0,0,0,2,14.8,47.5,60,12.2
Deeney,WAT,8,BOU (H) 0-4,2,90,0,0,0,4,6.2,25.8,66,9.8
Deeney,WAT,9,WOL (A) 0-2,0,0,0,0,0,0,0,0,0,0
Deeney,WAT,10,HUD (H) 3-0,0,0,0,0,0,0,0,0,0,0
Deeney,WAT,11,NEW (A) 1-0,0,0,0,0,0,0,0,0,0,0
Deeney,WAT,12,SOU (A) 1-1,1,50,0,0,0,0,17.8,26.8,29,7.4
Deeney,WAT,13,LIV (H) 0-3,2,90,0,0,0,3,3.2,2.7,2,0.8
Deeney,WAT,14,LEI (A) 2-0,1,35,0,0,0,0,0,0.3,2,0.1
Deeney,WAT,15,MCI (H) 1-2,2,90,0,0,0,2,15,22,42,7.9
Deeney,WAT,16,EVE (A) 2-2,2,90,0,0,0,2,8,12.2,35,5.5
Deeney,WAT,17,CAR (H) 3-2,2,80,0,0,0,1,0,4.9,10,1.4
Deeney,WAT,18,WHU (A) 0-2,6,85,1,0,1,0,39,11.5,61,11.2
Deeney,WAT,19,CHE (H) 1-2,2,90,0,0,0,2,4.2,2.6,26,3.3
Deeney,WAT,20,NEW (H) 1-1,1,36,0,0,0,0,4.6,11.8,19,3.5
Deeney,WAT,21,BOU (A) 3-3,15,90,2,1,0,3,90.4,41.7,46,17.8
Deeney,WAT,22,CRY (A) 1-2,2,90,0,0,0,1,4.8,16.7,12,3.4
Deeney,WAT,23,BUR (H) 0-0,2,90,0,0,1,0,11.4,46.2,41,9.9
Deeney,WAT,24,TOT (A) 2-1,2,90,0,0,0,2,5.2,22.4,30,5.8
Deeney,WAT,25,BHA (A) 0-0,2,90,0,0,1,0,0,1,10,0.9
Deeney,WAT,26,EVE (H) 1-0,1,90,0,0,1,0,5.8,13.4,14,3.3
Deeney,WAT,27,CAR (A) 1-5,15,90,2,1,0,1,99.4,27,57,18.3
Deeney,WAT,28,LIV (A) 5-0,2,72,0,0,0,3,11,14,3,2.8
Deeney,WAT,29,LEI (H) 2-1,11,90,1,1,0,1,52.8,15.2,45,11.3
Deeney,WAT,30,MCI (A) 3-1,4,24,0,1,0,0,17.6,11.1,0,2.9
Deeney,WAT,32,MUN (A) 2-1,2,90,0,0,0,2,10,26.9,59,9.6
Deeney,WAT,32,FUL (H) 4-1,7,90,1,0,0,1,45.8,29.6,23,9.8
Deeney,WAT,34,ARS (H) 0-1,-2,10,0,0,0,1,0,11,4,1.1
Deeney,WAT,35,HUD (A) 1-2,0,0,0,0,0,0,0,0,0,0
Deeney,WAT,35,SOU (H) 1-1,0,0,0,0,0,0,0,0,0,0
Deeney,WAT,36,WOL (H),0,0,0,0,0,0,0,0,0,0
Murray,HUD,1,WAT (A) 2-0,2,90,0,0,0,2,3.6,1.8,6,1.1
Murray,HUD,2,MUN (H) 3-2,5,90,1,0,0,1,25.4,1.9,33,6
Murray,HUD,3,LIV (A) 1-0,2,90,0,0,0,1,6.6,12.3,6,2.5
Murray,HUD,4,FUL (H) 2-2,12,90,2,0,0,2,60.6,2.8,68,13.1
Murray,HUD,5,SOU (A) 2-2,6,90,1,0,0,2,40.6,12.4,19,7.2
Murray,HUD,6,TOT (H) 1-2,2,90,0,0,0,2,0,1,2,0
Murray,HUD,7,MCI (A) 2-0,1,17,0,0,0,0,0,0.3,0,0
Murray,HUD,8,WHU (H) 1-0,9,90,1,0,1,0,43.2,23.3,77,14.4
Murray,HUD,9,NEW (A) 0-1,1,15,0,0,0,0,0,0.3,0,0
Murray,HUD,10,WOL (H) 1-0,7,90,1,0,1,0,36.8,13.3,40,9
Murray,HUD,11,EVE (A) 3-1,2,90,0,0,0,3,1.4,12.3,0,1.4
Murray,HUD,12,CAR (A) 2-1,2,62,0,0,0,1,0,2.9,37,3.6
Murray,HUD,13,LEI (H) 1-1,8,88,1,0,0,1,34.2,0.4,33,6.8
Murray,HUD,14,HUD (A) 1-2,1,11,0,0,0,0,0.2,0,0,0
Murray,HUD,15,CRY (H) 3-1,7,34,1,0,0,0,29.2,1.3,23,5.4
Murray,HUD,16,BUR (A) 1-0,1,27,0,0,0,0,3.4,10.4,17,3.1
Murray,HUD,17,CHE (H) 1-2,1,59,0,0,0,2,1.4,11.1,0,1.3
Murray,HUD,18,BOU (A) 2-0,1,10,0,0,0,0,0,0,0,0
Murray,HUD,19,ARS (H) 1-1,1,78,0,0,0,1,0.8,1.3,25,2.7
Murray,HUD,20,EVE (H) 1-0,1,16,0,0,0,0,0,1.2,18,1.9
Murray,HUD,21,WHU (A) 2-2,2,81,0,0,0,2,5,2.8,29,3.7
Murray,HUD,22,LIV (H) 0-1,2,65,0,0,0,1,0,0.8,4,0.2
Murray,HUD,23,MUN (A) 2-1,1,59,0,0,0,2,0,1,6,0.7
Murray,HUD,24,FUL (A) 4-2,12,90,2,0,0,4,75,2.4,132,20.9
Murray,HUD,25,WAT (H) 0-0,2,71,0,0,1,0,0.8,13,6,2
Murray,HUD,26,BUR (H) 1-3,2,90,0,0,0,3,1.2,3.8,24,2.9
Murray,HUD,28,LEI (A) 2-1,2,90,0,0,0,2,0,0.8,8,0.5
Murray,HUD,29,HUD (H) 1-0,0,56,0,0,0,0,0,0.8,28,2.5
Murray,HUD,30,CRY (A) 1-2,5,90,1,0,0,1,31.2,4.1,19,5.4
Murray,HUD,32,SOU (H) 0-1,2,90,0,0,0,1,0,3.6,44,4.7
Murray,HUD,32,CHE (A) 3-0,1,20,0,0,0,0,0.2,0.7,0,0.1
Murray,HUD,34,BOU (H) 0-5,1,32,0,0,0,3,0,0.8,4,0.5
Murray,HUD,34,CAR (H) 0-2,2,90,0,0,0,2,0,2.4,13,1.1
Murray,HUD,35,WOL (A) 0-0,2,90,0,0,1,0,0.8,1.8,0,0.3
Murray,HUD,35,TOT (A) 1-0,1,26,0,0,0,1,1.4,10.3,4,1.6
Murray,HUD,36,NEW (H),0,0,0,0,0,0,0,0,0,0
Arnautovic,WHU,1,LIV (A) 4-0,2,66,0,0,0,3,0,2.6,28,2.6
Arnautovic,WHU,2,BOU (H) 1-2,8,90,1,0,0,2,45,38.5,48,13.2
Arnautovic,WHU,3,ARS (A) 3-1,5,58,1,0,0,1,33.6,13.7,41,8.8
Arnautovic,WHU,4,WOL (H) 0-1,2,90,0,0,0,1,6.8,1.3,34,4.2
Arnautovic,WHU,5,EVE (A) 1-3,12,63,1,1,0,1,49.4,12.3,25,8.7
Arnautovic,WHU,6,CHE (H) 0-0,0,0,0,0,0,0,0,0,0,0
Arnautovic,WHU,7,MUN (H) 3-1,7,82,1,0,0,1,32.6,16.3,37,8.6
Arnautovic,WHU,8,BHA (A) 1-0,1,90,0,0,0,1,7.6,36.3,66,11
Arnautovic,WHU,9,TOT (H) 0-1,1,90,0,0,0,1,18.6,15.7,71,10.5
Arnautovic,WHU,10,LEI (A) 1-1,0,0,0,0,0,0,0,0,0,0
Arnautovic,WHU,11,BUR (H) 4-2,12,90,1,1,0,2,50.6,33.4,73,15.7
Arnautovic,WHU,12,HUD (A) 1-1,2,90,0,0,0,1,12.8,29.1,23,6.5
Arnautovic,WHU,13,MCI (H) 0-4,2,90,0,0,0,4,5,24.9,36,6.6
Arnautovic,WHU,14,NEW (A) 0-3,5,70,0,1,1,0,29,41,14,8.4
Arnautovic,WHU,15,CAR (H) 3-1,0,39,0,0,0,0,0,11,25,3.3
Arnautovic,WHU,16,CRY (H) 3-2,0,0,0,0,0,0,0,0,0,0
Arnautovic,WHU,17,FUL (A) 0-2,0,0,0,0,0,0,0,0,0,0
Arnautovic,WHU,18,WAT (H) 0-2,0,0,0,0,0,0,0,0,0,0
Arnautovic,WHU,19,SOU (A) 1-2,0,0,0,0,0,0,0,0,0,0
Arnautovic,WHU,20,BUR (A) 2-0,2,72,0,0,0,2,3,12.6,0,1.6
Arnautovic,WHU,21,BHA (H) 2-2,13,90,2,0,0,2,73.2,13.9,73,16
Arnautovic,WHU,22,ARS (H) 1-0,2,70,0,0,1,0,0.8,12.5,18,3.1
Arnautovic,WHU,23,BOU (A) 2-0,0,0,0,0,0,0,0,0,0,0
Arnautovic,WHU,24,WOL (A) 3-0,2,76,0,0,0,1,5.4,7.4,0,1.3
Arnautovic,WHU,25,LIV (H) 1-1,0,0,0,0,0,0,0,0,0,0
Arnautovic,WHU,26,CRY (A) 1-1,1,22,0,0,0,1,0.2,1.6,0,0.2
Arnautovic,WHU,27,FUL (H) 3-1,4,26,0,1,0,0,23.2,22.7,40,8.6
Arnautovic,WHU,28,MCI (A) 1-0,0,0,0,0,0,0,0,0,0,0
Arnautovic,WHU,29,NEW (H) 2-0,1,20,0,0,0,0,2.4,12.3,6,2.1
Arnautovic,WHU,30,CAR (A) 2-0,1,45,0,0,0,1,3.6,12.7,17,3.3
Arnautovic,WHU,31,HUD (H) 4-3,2,67,0,0,0,3,4.8,13.8,23,4.2
Arnautovic,WHU,32,EVE (H) 0-2,2,66,0,0,0,2,4.4,7.4,9,2.1
Arnautovic,WHU,33,CHE (A) 2-0,2,90,0,0,0,2,2.4,11.8,40,5.4
Arnautovic,WHU,34,MUN (A) 2-1,0,0,0,0,0,0,0,0,0,0
Arnautovic,WHU,35,LEI (H) 2-2,2,77,0,0,0,1,5.6,39.3,9,5.4
Arnautovic,WHU,36,TOT (A),0,0,0,0,0,0,0,0,0,0
CalvertLewin,EVE,1,WOL (A) 2-2,0,0,0,0,0,0,0,0,0,0
CalvertLewin,EVE,2,SOU (H) 2-1,1,15,0,0,0,0,4.4,6.2,2,1.3
CalvertLewin,EVE,3,BOU (A) 2-2,1,6,0,0,0,0,3.2,11.8,0,1.5
CalvertLewin,EVE,4,HUD (H) 1-1,7,90,1,0,0,1,39.2,2.3,25,6.7
CalvertLewin,EVE,5,WHU (H) 1-3,1,90,0,0,0,3,2.2,1.4,6,1
CalvertLewin,EVE,6,ARS (A) 2-0,2,71,0,0,0,2,0.4,2.8,4,0.7
CalvertLewin,EVE,7,FUL (H) 3-0,1,54,0,0,0,0,0,1.2,42,4.1
CalvertLewin,EVE,8,LEI (A) 1-2,1,1,0,0,0,0,0,0,1,0.1
CalvertLewin,EVE,9,CRY (H) 2-0,6,8,1,0,0,0,33.4,0.3,25,5.9
CalvertLewin,EVE,10,MUN (A) 2-1,1,12,0,0,0,0,1.2,0.3,17,1.9
CalvertLewin,EVE,11,BHA (H) 3-1,1,5,0,0,0,0,1.2,0.3,0,0.2
CalvertLewin,EVE,12,CHE (A) 0-0,1,1,0,0,0,0,2,0.3,0,0.2
CalvertLewin,EVE,13,CAR (H) 1-0,0,0,0,0,0,0,0,0,0,0
CalvertLewin,EVE,14,LIV (A) 1-0,1,1,0,0,0,1,2,0.3,6,0.8
CalvertLewin,EVE,15,NEW (H) 1-1,1,12,0,0,0,0,0,1,24,2.3
CalvertLewin,EVE,16,WAT (H) 2-2,1,24,0,0,0,0,2,0.2,0,0.2
CalvertLewin,EVE,17,MCI (A) 3-1,5,90,1,0,0,3,35.6,12.1,41,8.9
CalvertLewin,EVE,18,TOT (H) 2-6,5,90,0,1,0,6,14.6,13.8,5,3.3
CalvertLewin,EVE,19,BUR (A) 1-5,5,66,0,1,0,1,0,14.2,3,1.5
CalvertLewin,EVE,20,BHA (A) 1-0,1,18,0,0,0,0,0,0.1,0,0
CalvertLewin,EVE,21,LEI (H) 0-1,2,90,0,0,0,1,2.4,8.8,8,1.9
CalvertLewin,EVE,22,BOU (H) 2-0,5,3,1,0,0,0,35,0.5,17,5.3
CalvertLewin,EVE,23,SOU (A) 2-1,1,33,0,0,0,1,0,1.6,11,0.9
CalvertLewin,EVE,24,HUD (A) 0-1,0,4,0,0,0,0,0,0,0,0
CalvertLewin,EVE,25,WOL (H) 1-3,1,17,0,0,0,0,1.2,0.6,21,2.3
CalvertLewin,EVE,25,MCI (H) 0-2,2,90,0,0,0,2,0,2.8,6,0.7
CalvertLewin,EVE,26,WAT (A) 1-0,1,16,0,0,0,0,3.4,0.8,23,2.7
CalvertLewin,EVE,28,CAR (A) 0-3,7,90,1,0,1,0,41.6,6.5,8,5.6
CalvertLewin,EVE,29,LIV (H) 0-0,2,73,0,0,1,0,3,2.3,21,2.6
CalvertLewin,EVE,30,NEW (A) 3-2,6,90,1,0,0,3,40.6,17.4,23,8.1
CalvertLewin,EVE,31,CHE (H) 2-0,5,90,0,1,1,0,10.6,1.5,26,3.8
CalvertLewin,EVE,32,WHU (A) 0-2,2,87,0,0,1,0,3.2,21.2,78,10.2
CalvertLewin,EVE,33,ARS (H) 1-0,5,90,0,1,1,0,16,12,43,7.1
CalvertLewin,EVE,34,FUL (A) 2-0,2,90,0,0,0,2,0,2.6,25,2.8
CalvertLewin,EVE,35,MUN (H) 4-0,5,90,0,1,1,0,19,24.6,8,5.2
CalvertLewin,EVE,36,CRY (A),0,0,0,0,0,0,0,0,0,0
Chicharito,WHU,1,LIV (A) 4-0,1,28,0,0,0,1,0,0,0,0
Chicharito,WHU,2,BOU (H) 1-2,5,66,0,1,0,2,4,4,40,4.8
Chicharito,WHU,3,ARS (A) 3-1,1,31,0,0,0,2,0.2,1.3,8,1
Chicharito,WHU,4,WOL (H) 0-1,1,15,0,0,0,1,2.4,10,0,1.2
Chicharito,WHU,5,EVE (A) 1-3,0,0,0,0,0,0,0,0,0,0
Chicharito,WHU,6,CHE (H) 0-0,0,0,0,0,0,0,0,0,0,0
Chicharito,WHU,7,MUN (H) 3-1,0,0,0,0,0,0,0,0,0,0
Chicharito,WHU,8,BHA (A) 1-0,0,0,0,0,0,0,0,0,0,0
Chicharito,WHU,9,TOT (H) 0-1,1,33,0,0,0,0,0.6,4.7,0,0.5
Chicharito,WHU,10,LEI (A) 1-1,2,60,0,0,1,0,5.4,0.7,2,0.8
Chicharito,WHU,11,BUR (H) 4-2,6,29,1,0,0,1,35.6,10.5,35,8.1
Chicharito,WHU,12,HUD (A) 1-1,1,45,0,0,0,0,3.4,1.4,44,4.9
Chicharito,WHU,13,MCI (H) 0-4,1,35,0,0,0,1,5.4,15.8,2,2.3
Chicharito,WHU,14,NEW (A) 0-3,13,90,2,0,1,0,65.2,6.3,42,11.4
Chicharito,WHU,15,CAR (H) 3-1,2,63,0,0,1,0,0,3.8,0,0.2
Chicharito,WHU,16,CRY (H) 3-2,9,74,1,1,0,1,35.4,2,56,9.3
Chicharito,WHU,17,FUL (A) 0-2,5,72,0,1,1,0,18.2,15.3,10,4.4
Chicharito,WHU,18,WAT (H) 0-2,2,74,0,0,0,1,6.8,0.6,56,6.3
Chicharito,WHU,19,SOU (A) 1-2,0,0,0,0,0,0,0,0,0,0
Chicharito,WHU,20,BUR (A) 2-0,0,0,0,0,0,0,0,0,0,0
Chicharito,WHU,21,BHA (H) 2-2,0,0,0,0,0,0,0,0,0,0
Chicharito,WHU,22,ARS (H) 1-0,0,0,0,0,0,0,0,0,0,0
Chicharito,WHU,23,BOU (A) 2-0,1,24,0,0,0,1,3.2,3.6,11,1.8
Chicharito,WHU,24,WOL (A) 3-0,1,13,0,0,0,2,5,0,2,0.7
Chicharito,WHU,25,LIV (H) 1-1,1,78,0,0,0,1,0,1.9,35,3.3
Chicharito,WHU,26,CRY (A) 1-1,2,67,0,0,1,0,2.6,2.4,31,3.6
Chicharito,WHU,27,FUL (H) 3-1,9,63,1,0,0,1,32.2,7.8,59,9.9
Chicharito,WHU,28,MCI (A) 1-0,0,0,0,0,0,0,0,0,0,0
Chicharito,WHU,29,NEW (H) 2-0,5,69,0,1,1,0,0,1.6,53,5.4
Chicharito,WHU,30,CAR (A) 2-0,1,90,0,0,0,2,1,3.4,0,0.4
Chicharito,WHU,31,HUD (H) 4-3,12,45,2,0,0,1,66.8,2.5,36,10.5
Chicharito,WHU,32,EVE (H) 0-2,1,45,0,0,0,0,3.2,0.1,0,0.3
Chicharito,WHU,33,CHE (A) 2-0,1,45,0,0,0,1,1,0.2,0,0.1
Chicharito,WHU,34,MUN (A) 2-1,2,72,0,0,0,1,3.4,12.1,6,2.2
Chicharito,WHU,35,LEI (H) 2-2,0,0,0,0,0,0,0,0,0,0
Chicharito,WHU,36,TOT (A),0,0,0,0,0,0,0,0,0,0
Ings,SOU,1,BUR (H) 0-0,1,34,0,0,0,0,6,41.8,16,6.4
Ings,SOU,2,EVE (A) 2-1,7,90,1,0,0,2,34.6,11.7,112,15.8
Ings,SOU,3,LEI (H) 1-2,2,68,0,0,0,1,9.4,2.3,58,7
Ings,SOU,4,CRY (A) 0-2,8,77,1,0,1,0,49.2,22.2,30,10.1
Ings,SOU,5,BHA (H) 2-2,7,83,1,0,0,1,42.2,15.4,58,11.6
Ings,SOU,6,LIV (A) 3-0,0,0,0,0,0,0,0,0,0,0
Ings,SOU,7,WOL (A) 2-0,2,90,0,0,0,2,10.2,14.8,34,5.9
Ings,SOU,8,CHE (H) 0-3,1,90,0,0,0,3,7.8,11.8,41,6.1
Ings,SOU,9,BOU (A) 0-0,2,78,0,0,1,0,4.2,0.7,7,1.2
Ings,SOU,10,NEW (H) 0-0,2,90,0,0,1,0,13.6,48.5,52,11.4
Ings,SOU,11,MCI (A) 6-1,6,81,1,0,0,5,38.6,2.8,77,11.8
Ings,SOU,12,WAT (H) 1-1,6,39,0,1,0,0,18.4,10.8,2,3.1
Ings,SOU,13,FUL (A) 3-2,0,0,0,0,0,0,0,0,0,0
Ings,SOU,14,MUN (H) 2-2,0,0,0,0,0,0,0,0,0,0
Ings,SOU,15,TOT (A) 3-1,0,0,0,0,0,0,0,0,0,0
Ings,SOU,16,CAR (A) 1-0,0,0,0,0,0,0,0,0,0,0
Ings,SOU,17,ARS (H) 3-2,13,70,2,0,0,2,69.4,0.7,41,11.1
Ings,SOU,18,HUD (A) 1-3,8,64,1,0,0,1,34.6,1.6,19,5.5
Ings,SOU,19,WHU (H) 1-2,2,61,0,0,0,2,2,2.5,14,1.9
Ings,SOU,20,MCI (H) 1-3,0,0,0,0,0,0,0,0,0,0
Ings,SOU,21,CHE (A) 0-0,1,45,0,0,0,0,2.6,0.2,4,0.7
Ings,SOU,22,LEI (A) 1-2,0,0,0,0,0,0,0,0,0,0
Ings,SOU,23,EVE (H) 2-1,2,73,0,0,1,0,13.2,22.8,42,7.8
Ings,SOU,24,CRY (H) 1-1,2,90,0,0,0,1,9,21.3,29,5.9
Ings,SOU,25,BUR (A) 1-1,1,26,0,0,0,0,2.8,0.5,17,2
Ings,SOU,26,CAR (H) 1-2,0,0,0,0,0,0,0,0,0,0
Ings,SOU,27,ARS (A) 2-0,0,0,0,0,0,0,0,0,0,0
Ings,SOU,28,FUL (H) 2-0,0,0,0,0,0,0,0,0,0,0
Ings,SOU,29,MUN (A) 3-2,0,0,0,0,0,0,0,0,0,0
Ings,SOU,30,TOT (H) 2-1,0,0,0,0,0,0,0,0,0,0
Ings,SOU,32,BHA (A) 0-1,2,66,0,0,1,0,1.2,12.7,23,3.7
Ings,SOU,33,LIV (H) 1-3,0,0,0,0,0,0,0,0,0,0
Ings,SOU,34,WOL (H) 3-1,5,60,0,1,0,1,25.4,38.3,2,6.6
Ings,SOU,35,NEW (A) 3-1,2,75,0,0,0,2,0,2,7,0.4
Ings,SOU,35,WAT (A) 1-1,0,0,0,0,0,0,0,0,0,0
Ings,SOU,36,BOU (H),0,0,0,0,0,0,0,0,0,0
Jesus,MCI,1,ARS (A) 0-2,1,11,0,0,0,0,0.2,0.7,0,0.1
Jesus,MCI,2,HUD (H) 6-1,7,90,1,0,0,1,59,60.5,117,23.7
Jesus,MCI,3,WOL (A) 1-1,1,28,0,0,0,0,5.4,10.9,17,3.3
Jesus,MCI,4,NEW (H) 2-1,1,57,0,0,0,1,4.2,3.7,72,8
Jesus,MCI,5,FUL (H) 3-0,1,36,0,0,0,0,6,12,40,5.8
Jesus,MCI,6,CAR (A) 0-5,0,0,0,0,0,0,0,0,0,0
Jesus,MCI,7,BHA (H) 2-0,1,24,0,0,0,0,4.2,23.4,2,3
Jesus,MCI,8,LIV (A) 0-0,1,24,0,0,0,0,1.2,1.6,6,0.9
Jesus,MCI,9,BUR (H) 5-0,1,24,0,0,0,0,5.4,0.8,70,7.6
Jesus,MCI,10,TOT (A) 0-1,1,1,0,0,0,0,0,0,0,0
Jesus,MCI,11,SOU (H) 6-1,0,0,0,0,0,0,0,0,0,0
Jesus,MCI,12,MUN (H) 3-1,0,0,0,0,0,0,0,0,0,0
Jesus,MCI,13,WHU (A) 0-4,4,9,0,1,0,0,18.4,12.7,8,3.9
Jesus,MCI,14,BOU (H) 3-1,2,76,0,0,0,1,2,5.3,75,8.2
Jesus,MCI,15,WAT (A) 1-2,5,88,0,1,0,1,18.2,18,61,9.7
Jesus,MCI,16,CHE (A) 2-0,1,37,0,0,0,1,4.4,1.8,31,3.7
Jesus,MCI,17,EVE (H) 3-1,13,90,2,0,0,1,74.8,29.4,44,14.8
Jesus,MCI,18,CRY (H) 2-3,2,90,0,0,0,3,0.2,1.4,30,3.2
Jesus,MCI,19,LEI (A) 2-1,0,0,0,0,0,0,0,0,0,0
Jesus,MCI,20,SOU (A) 1-3,1,17,0,0,0,0,1.8,11.1,0,1.3
Jesus,MCI,21,LIV (H) 2-1,0,0,0,0,0,0,0,0,0,0
Jesus,MCI,22,WOL (H) 3-0,13,75,2,0,1,0,68.4,27.2,82,17.8
Jesus,MCI,23,HUD (A) 0-3,0,0,0,0,0,0,0,0,0,0
Jesus,MCI,24,NEW (A) 2-1,1,17,0,0,0,1,4,1.8,2,0.8
Jesus,MCI,25,ARS (H) 3-1,1,9,0,0,0,0,3.2,0.3,17,2.1
Jesus,MCI,25,EVE (A) 0-2,5,10,1,0,0,0,37,0.7,34,7.2
Jesus,MCI,26,CHE (H) 6-0,1,25,0,0,0,0,4.4,11.8,28,4.4
Jesus,MCI,28,WHU (H) 1-0,0,0,0,0,0,0,0,0,0,0
Jesus,MCI,29,BOU (A) 0-1,1,1,0,0,0,0,0.2,0.8,0,0.1
Jesus,MCI,30,WAT (H) 3-1,1,10,0,0,0,0,0.2,3.8,20,2.4
Jesus,MCI,32,FUL (A) 0-2,1,33,0,0,0,0,7.4,2.3,2,1.2
Jesus,MCI,32,CAR (H) 2-0,5,90,0,1,1,0,23.6,54.9,40,11.9
Jesus,MCI,34,CRY (A) 1-3,5,15,1,0,0,1,35.4,1.2,42,7.9
Jesus,MCI,35,TOT (H) 1-0,0,0,0,0,0,0,0,0,0,0
Jesus,MCI,35,MUN (A) 0-2,1,1,0,0,0,0,1,0.8,0,0.2
Jesus,MCI,36,BUR (A),0,0,0,0,0,0,0,0,0,0
Gray,LEI,1,BHA (H) 2-0,2,73,0,0,1,0,7,25.2,27,5.9
Gray,LEI,2,BUR (A) 1-3,6,67,1,0,0,1,32.6,3,39,7.5
Gray,LEI,3,CRY (H) 2-1,2,72,0,0,1,0,0.2,12.3,20,3.3
Gray,LEI,4,TOT (H) 2-1,2,69,0,0,0,1,0,0.8,5,0.3
Gray,LEI,5,MUN (H) 1-2,8,90,1,0,0,2,38.2,12.5,31,8.2
Gray,LEI,6,FUL (A) 1-1,6,79,1,0,0,1,38.4,1.9,53,9.3
Gray,LEI,7,ARS (A) 2-0,2,71,0,0,1,0,4.2,0.5,23,2.8
Gray,LEI,8,BOU (H) 0-4,1,54,0,0,0,4,2,2.3,39,4.3
Gray,LEI,9,WOL (A) 0-2,1,21,0,0,0,0,1.8,0.8,10,1.3
Gray,LEI,10,HUD (H) 3-0,1,7,0,0,0,0,2.2,10.3,0,1.3
Gray,LEI,11,NEW (A) 1-0,0,24,0,0,0,0,0,0.5,4,0.3
Gray,LEI,12,SOU (A) 1-1,1,22,0,0,0,0,0.2,11,28,3.9
Gray,LEI,13,LIV (H) 0-3,1,15,0,0,0,2,0,0,4,0.4
Gray,LEI,14,LEI (A) 2-0,1,35,0,0,0,0,0,1.1,12,0.9
Gray,LEI,15,MCI (H) 1-2,1,15,0,0,0,0,5,20.1,4,2.9
Gray,LEI,16,EVE (A) 2-2,0,0,0,0,0,0,0,0,0,0
Gray,LEI,17,CAR (H) 3-2,0,0,0,0,0,0,0,0,0,0
Gray,LEI,18,WHU (A) 0-2,0,0,0,0,0,0,0,0,0,0
Gray,LEI,19,CHE (H) 1-2,0,0,0,0,0,0,0,0,0,0
Gray,LEI,20,NEW (H) 1-1,0,0,0,0,0,0,0,0,0,0
Gray,LEI,21,BOU (A) 3-3,0,0,0,0,0,0,0,0,0,0
Gray,LEI,22,CRY (A) 1-2,0,0,0,0,0,0,0,0,0,0
Gray,LEI,23,BUR (H) 0-0,0,0,0,0,0,0,0,0,0,0
Gray,LEI,24,TOT (A) 2-1,0,0,0,0,0,0,0,0,0,0
Gray,LEI,25,BHA (A) 0-0,1,20,0,0,0,0,0,1.3,4,0.5
Gray,LEI,26,EVE (H) 1-0,7,45,1,0,0,0,33,12.2,35,8
Gray,LEI,27,CAR (A) 1-5,1,4,0,0,0,0,0.2,0.1,2,0.2
Gray,LEI,28,LIV (A) 5-0,1,17,0,0,0,2,6,0,34,4
Gray,LEI,29,LEI (H) 2-1,5,21,1,0,0,1,32,1.3,17,5
Gray,LEI,30,MCI (A) 3-1,2,90,0,0,0,3,4.4,4.7,2,1.1
Gray,LEI,32,MUN (A) 2-1,1,17,0,0,0,0,0.2,0.5,4,0.5
Gray,LEI,32,FUL (H) 4-1,7,45,0,2,0,0,42.8,33.2,47,12.3
Gray,LEI,34,ARS (H) 0-1,2,90,0,0,0,1,6,1,62,6.9
Gray,LEI,35,HUD (A) 1-2,2,71,0,0,1,0,0,3,8,1
Gray,LEI,35,SOU (H) 1-1,9,90,1,0,0,1,39.6,12.1,60,11.2
Gray,LEI,36,WOL (H),0,0,0,0,0,0,0,0,0,0